row_id,prefix_end,prefix_text,current_token,stage,is_full_sentence,label,type,location,computed_location,cue_relative_position,global_prefix_id,sentence,location_matches,ambiguous_lemma,cue_start_lemma,cue_end_lemma,lemma_split,morphological_parsing,amb_char_start,amb_char_end,cue_char_start,cue_char_end,amb_tok_start,amb_tok_end,cue_tok_start,cue_tok_end,cue_length_tokens,ambiguity_length_tokens,token_distance,overlap,matched_ambiguous,matched_cue,amb_token_text,cue_token_text,n_tokens,tokens_json,tracked_token_index,tracked_token_text,tracked_region,ambiguity_vector_available
23,13,"Annen emir veriyor pilot olma, okuluna yazıl diye!",!,full_sentence,True,negation,semantic,before,before,-4,399,"Annen emir veriyor pilot olma, okuluna yazıl diye!",True,olma,emir,veriyor,ol-ma,ol-NEG.IMP.2SG,25,29,6,18,6,6,2,4,3,1,4,False,olma,emir veriyor,▁olma,▁emir ▁veri yor,14,"[""An"", ""nen"", ""▁emir"", ""▁veri"", ""yor"", ""▁pilot"", ""▁olma"", "","", ""▁okul"", ""una"", ""▁yaz"", ""ıl"", ""▁diye"", ""!""]",13,!,post_cue_or_post_ambiguity,True
46,13,"Hava çok soğuk, sen sakın evden çıkma.",.,full_sentence,True,negation,semantic,before,before,-5,781,"Hava çok soğuk, sen sakın evden çıkma.",True,çıkma,sen,evden,çık-ma,çık-NEG.IMP.2SG,32,37,16,31,11,12,6,10,5,2,5,False,çıkma,sen sakın evden,▁çık ma,▁sen ▁sak ın ▁ev den,14,"[""H"", ""ava"", ""▁çok"", ""▁soğ"", ""uk"", "","", ""▁sen"", ""▁sak"", ""ın"", ""▁ev"", ""den"", ""▁çık"", ""ma"", "".""]",13,.,post_cue_or_post_ambiguity,True
113,30,"Eğer esnafın öfkesini üzerine çekmek istemiyorsan sana nasihatim belli canım evladım, fiyat kırma.",.,full_sentence,True,negation,semantic,before,before,-12,1537,"Eğer esnafın öfkesini üzerine çekmek istemiyorsan sana nasihatim belli canım evladım, fiyat kırma.",True,kırma,sana,fiyat,kır-ma,kır-NEG.IMP.2SG,92,97,50,91,28,29,16,27,12,2,12,False,kırma,"sana nasihatim belli canım evladım, fiyat",▁kır ma,"▁sana ▁nasi hat im ▁belli ▁can ım ▁ev lad ım , ▁fiyat",31,"[""E"", ""ğer"", ""▁es"", ""naf"", ""ın"", ""▁öf"", ""kes"", ""ini"", ""▁üzerine"", ""▁çek"", ""mek"", ""▁is"", ""tem"", ""iy"", ""ors"", ""an"", ""▁sana"", ""▁nasi"", ""hat"", ""im"", ""▁belli"", ""▁can"", ""ım"", ""▁ev"", ""lad"", ""ım"", "","", ""▁fiyat"", ""▁kır"", ""ma"", "".""]",30,.,post_cue_or_post_ambiguity,True
114,16,"Bana bak müdür müsveddesi, Lenin hakkında ileri geri konuşma!",!,full_sentence,True,negation,semantic,before,before,-5,1554,"Bana bak müdür müsveddesi, Lenin hakkında ileri geri konuşma!",True,konuşma,Lenin,geri,konuş-ma,konuş-NEG.IMP.2SG,53,60,27,52,14,15,9,13,5,2,5,False,konuşma,Lenin hakkında ileri geri,▁konuş ma,▁Lenin ▁hakkında ▁i leri ▁geri,17,"[""B"", ""ana"", ""▁bak"", ""▁mü"", ""dür"", ""▁müs"", ""ved"", ""desi"", "","", ""▁Lenin"", ""▁hakkında"", ""▁i"", ""leri"", ""▁geri"", ""▁konuş"", ""ma"", ""!""]",16,!,post_cue_or_post_ambiguity,True
117,35,"Millet eline bayrak verdiyse o bayrağı bırakmayacaksın, döneklik yapma milletin sana en çok ihtiyacı olan şu günlerde.",.,full_sentence,True,negation,semantic,before,before,-13,1628,"Millet eline bayrak verdiyse o bayrağı bırakmayacaksın, döneklik yapma milletin sana en çok ihtiyacı olan şu günlerde.",True,yapma,o,döneklik,yap-ma,yap-NEG.IMP.2SG,65,70,29,64,22,23,9,21,13,2,13,False,yapma,"o bayrağı bırakmayacaksın, döneklik",▁yap ma,"▁o ▁bay ra ğı ▁bırak may ac aks ın , ▁dö nek lik",36,"[""M"", ""illet"", ""▁el"", ""ine"", ""▁bay"", ""rak"", ""▁ver"", ""diy"", ""se"", ""▁o"", ""▁bay"", ""ra"", ""ğı"", ""▁bırak"", ""may"", ""ac"", ""aks"", ""ın"", "","", ""▁dö"", ""nek"", ""lik"", ""▁yap"", ""ma"", ""▁mil"", ""letin"", ""▁sana"", ""▁en"", ""▁çok"", ""▁ihtiyac"", ""ı"", ""▁olan"", ""▁şu"", ""▁gün"", ""lerde"", "".""]",35,.,post_cue_or_post_ambiguity,True
118,40,"Ruhi Su’nun en bilinen eserlerinden biri olan bu parça, Gülcan Altan’ın yeni yorumuyla bugün dinleyiciyle buluştu, dinleme fırsatını kaçırma!",!,full_sentence,True,negation,semantic,before,before,-5,1669,"Ruhi Su’nun en bilinen eserlerinden biri olan bu parça, Gülcan Altan’ın yeni yorumuyla bugün dinleyiciyle buluştu, dinleme fırsatını kaçırma!",True,kaçırma,dinleme,fırsatını,kaçır-ma,kaçır-NEG.IMP.2SG,133,140,115,132,37,39,32,36,5,3,5,False,kaçırma,dinleme fırsatını,▁kaç ır ma,▁din leme ▁fırs at ını,41,"[""Ru"", ""hi"", ""▁Su"", ""’"", ""nun"", ""▁en"", ""▁bil"", ""inen"", ""▁eser"", ""lerinden"", ""▁biri"", ""▁olan"", ""▁bu"", ""▁parça"", "","", ""▁Gül"", ""can"", ""▁Al"", ""tan"", ""’"", ""ın"", ""▁yeni"", ""▁yorum"", ""uyla"", ""▁bugün"", ""▁din"", ""leyici"", ""yle"", ""▁bul"", ""uş"", ""tu"", "","", ""▁din"", ""leme"", ""▁fırs"", ""at"", ""ını"", ""▁kaç"", ""ır"", ""ma"", ""!""]",40,!,post_cue_or_post_ambiguity,True
119,23,"Halka yalan söylemek suçtur, suç işleme, sen ahlaksız bir adam değilsin.",.,full_sentence,True,negation,semantic,before,before,-10,1693,"Halka yalan söylemek suçtur, suç işleme, sen ahlaksız bir adam değilsin.",True,işleme,Halka,suç,işle-me,işle-NEG.IMP.2SG,33,39,0,32,10,11,0,9,10,2,10,False,işleme,"Halka yalan söylemek suçtur, suç",▁iş leme,"Hal ka ▁y alan ▁söyle mek ▁suç tur , ▁suç",24,"[""Hal"", ""ka"", ""▁y"", ""alan"", ""▁söyle"", ""mek"", ""▁suç"", ""tur"", "","", ""▁suç"", ""▁iş"", ""leme"", "","", ""▁sen"", ""▁ah"", ""la"", ""ks"", ""ız"", ""▁bir"", ""▁adam"", ""▁değ"", ""ils"", ""in"", "".""]",23,.,post_cue_or_post_ambiguity,True
121,32,"Yok solucan olsam beni sever misin, yok 250 kilo olsam beni beğenir misin, adamı delirtme Emine!",!,full_sentence,True,negation,semantic,before,before,-17,1726,"Yok solucan olsam beni sever misin, yok 250 kilo olsam beni beğenir misin, adamı delirtme Emine!",True,delirtme,Yok,adamı,delirt-me,delirt-NEG.IMP.2SG,81,89,36,80,27,29,10,26,17,3,17,False,delirtme,"yok 250 kilo olsam beni beğenir misin, adamı",▁deli rt me,"▁yok ▁ 2 5 0 ▁kilo ▁ols am ▁beni ▁beğ en ir ▁mis in , ▁adam ı",33,"[""Yok"", ""▁solu"", ""can"", ""▁ols"", ""am"", ""▁beni"", ""▁sever"", ""▁mis"", ""in"", "","", ""▁yok"", ""▁"", ""2"", ""5"", ""0"", ""▁kilo"", ""▁ols"", ""am"", ""▁beni"", ""▁beğ"", ""en"", ""ir"", ""▁mis"", ""in"", "","", ""▁adam"", ""ı"", ""▁deli"", ""rt"", ""me"", ""▁E"", ""mine"", ""!""]",32,!,post_cue_or_post_ambiguity,True
123,18,"ARGE'nin anlamında ben araştırma var diye biliyorum, yanlış mıyım?",?,full_sentence,True,nominalizer,semantic,before,before,-7,1773,"ARGE'nin anlamında ben araştırma var diye biliyorum, yanlış mıyım?",True,araştırma,ARGE'nin,anlamında,araştır-ma,araştır-NMLZ,23,32,0,18,7,8,0,5,6,2,7,False,araştırma,ARGE'nin anlamında,▁araştır ma,AR GE ' nin ▁anlam ında,19,"[""AR"", ""GE"", ""'"", ""nin"", ""▁anlam"", ""ında"", ""▁ben"", ""▁araştır"", ""ma"", ""▁var"", ""▁diye"", ""▁bili"", ""yorum"", "","", ""▁yanlış"", ""▁m"", ""ıy"", ""ım"", ""?""]",18,?,post_cue_or_post_ambiguity,True
124,33,Ertesi günün gazete manşetleri gözünün önüne gelmeye başlamıştı bile: Karabatak davasında dudakları uçuklatan gelişme,me,full_sentence,True,nominalizer,semantic,before,before,-11,1807,Ertesi günün gazete manşetleri gözünün önüne gelmeye başlamıştı bile: Karabatak davasında dudakları uçuklatan gelişme,True,gelişme,Karabatak,uçuklatan,geliş-me,geliş-NMLZ,110,117,70,109,32,33,21,31,11,2,11,False,gelişme,Karabatak davasında dudakları uçuklatan,▁geliş me,▁Karab atak ▁d avas ında ▁dud ak ları ▁uç uk latan,34,"[""Er"", ""tesi"", ""▁gün"", ""ün"", ""▁gaze"", ""te"", ""▁man"", ""ş"", ""et"", ""leri"", ""▁göz"", ""ünün"", ""▁ön"", ""üne"", ""▁gel"", ""meye"", ""▁baş"", ""lam"", ""ıştı"", ""▁bile"", "":"", ""▁Karab"", ""atak"", ""▁d"", ""avas"", ""ında"", ""▁dud"", ""ak"", ""ları"", ""▁uç"", ""uk"", ""latan"", ""▁geliş"", ""me""]",33,me,ambiguity,True
126,22,"Toplumda gördüğün tüm bu hastalıkların sebebi belli, genç adam: yozlaşma.",.,full_sentence,True,nominalizer,semantic,before,before,-11,1846,"Toplumda gördüğün tüm bu hastalıkların sebebi belli, genç adam: yozlaşma.",True,yozlaşma,bu,belli,yozlaş-ma,yozlaş-NMLZ,64,72,22,51,18,21,7,13,7,4,11,False,yozlaşma,bu hastalıkların sebebi belli,▁yo z laş ma,▁bu ▁hastal ık ların ▁sebe bi ▁belli,23,"[""Top"", ""lum"", ""da"", ""▁görd"", ""üğ"", ""ün"", ""▁tüm"", ""▁bu"", ""▁hastal"", ""ık"", ""ların"", ""▁sebe"", ""bi"", ""▁belli"", "","", ""▁genç"", ""▁adam"", "":"", ""▁yo"", ""z"", ""laş"", ""ma"", "".""]",22,.,post_cue_or_post_ambiguity,True
128,25,Ev arkadaşımın katılmayı düşündüğü yarış yüksek atlama ama kontenjan durumuna göre maratona da yazılabilir.,.,full_sentence,True,nominalizer,semantic,before,before,-12,1872,Ev arkadaşımın katılmayı düşündüğü yarış yüksek atlama ama kontenjan durumuna göre maratona da yazılabilir.,True,atlama,Ev,yarış,atla-ma,atla-NMLZ,48,54,0,40,12,13,0,10,11,2,12,False,atlama,Ev arkadaşımın katılmayı düşündüğü yarış,▁at lama,Ev ▁arkadaş ım ın ▁kat ıl mayı ▁düş ünd üğü ▁yarış,26,"[""Ev"", ""▁arkadaş"", ""ım"", ""ın"", ""▁kat"", ""ıl"", ""mayı"", ""▁düş"", ""ünd"", ""üğü"", ""▁yarış"", ""▁yüksek"", ""▁at"", ""lama"", ""▁ama"", ""▁konten"", ""jan"", ""▁durum"", ""una"", ""▁göre"", ""▁marat"", ""ona"", ""▁da"", ""▁yazı"", ""labilir"", "".""]",25,.,post_cue_or_post_ambiguity,True
130,43,California'ya o dönemde yapılan göçün ardındaki furya altın arama da olsa nüfustaki hareketliliğin kültürel sebeplerini de göz önünde bulundurmak zorundayız.,.,full_sentence,True,nominalizer,semantic,before,before,-8,1946,California'ya o dönemde yapılan göçün ardındaki furya altın arama da olsa nüfustaki hareketliliğin kültürel sebeplerini de göz önünde bulundurmak zorundayız.,True,arama,göçün,furya,ara-ma,ara-NMLZ,60,65,32,53,15,16,7,13,7,2,8,False,arama,göçün ardındaki furya,▁ara ma,▁gö ç ün ▁ard ındaki ▁fur ya,44,"[""California"", ""'"", ""ya"", ""▁o"", ""▁dönem"", ""de"", ""▁yapılan"", ""▁gö"", ""ç"", ""ün"", ""▁ard"", ""ındaki"", ""▁fur"", ""ya"", ""▁altın"", ""▁ara"", ""ma"", ""▁da"", ""▁olsa"", ""▁n"", ""üf"", ""ust"", ""aki"", ""▁hareket"", ""li"", ""liğ"", ""in"", ""▁kült"", ""ü"", ""rel"", ""▁sebe"", ""pler"", ""ini"", ""▁de"", ""▁göz"", ""▁ön"", ""ünde"", ""▁bul"", ""undur"", ""mak"", ""▁zor"", ""unday"", ""ız"", "".""]",43,.,post_cue_or_post_ambiguity,True
131,24,"Okulun gündemi bu aralar ulusal sınavlar, grip aşısı olma ve yeni spor salonu inşaatı.",.,full_sentence,True,nominalizer,semantic,before,before,-17,1971,"Okulun gündemi bu aralar ulusal sınavlar, grip aşısı olma ve yeni spor salonu inşaatı.",True,olma,Okulun,aşısı,ol-ma,ol-NMLZ,53,57,0,52,17,17,0,16,17,1,17,False,olma,"Okulun gündemi bu aralar ulusal sınavlar, grip aşısı",▁olma,"Ok ulun ▁g ünd emi ▁bu ▁ar alar ▁ul usal ▁sı nav lar , ▁grip ▁aş ısı",25,"[""Ok"", ""ulun"", ""▁g"", ""ünd"", ""emi"", ""▁bu"", ""▁ar"", ""alar"", ""▁ul"", ""usal"", ""▁sı"", ""nav"", ""lar"", "","", ""▁grip"", ""▁aş"", ""ısı"", ""▁olma"", ""▁ve"", ""▁yeni"", ""▁spor"", ""▁salonu"", ""▁inşa"", ""atı"", "".""]",24,.,post_cue_or_post_ambiguity,True
132,29,"Nevzat Evrim Önal, Türkiye Siyasi Tarihinde Sahte Umut Üretme yazısıyla dergimizin Nisan sayısında.",.,full_sentence,True,nominalizer,semantic,before,before,-10,2001,"Nevzat Evrim Önal, Türkiye Siyasi Tarihinde Sahte Umut Üretme yazısıyla dergimizin Nisan sayısında.",True,üretme,Türkiye,Umut,üret-me,üret-NMLZ,55,61,19,54,17,19,7,16,10,3,10,False,Üretme,Türkiye Siyasi Tarihinde Sahte Umut,▁Ü ret me,▁Türkiye ▁Si yasi ▁Tari h inde ▁Sah te ▁U mut,30,"[""Nev"", ""zat"", ""▁Ev"", ""rim"", ""▁Ö"", ""nal"", "","", ""▁Türkiye"", ""▁Si"", ""yasi"", ""▁Tari"", ""h"", ""inde"", ""▁Sah"", ""te"", ""▁U"", ""mut"", ""▁Ü"", ""ret"", ""me"", ""▁yaz"", ""ısı"", ""yla"", ""▁der"", ""gim"", ""izin"", ""▁Nisan"", ""▁say"", ""ısında"", "".""]",29,.,post_cue_or_post_ambiguity,True
133,25,Ulusumuzun bu yüzyıldaki vebası güçler birliği sorunu ve otoriterleşme olmalı.,.,full_sentence,True,nominalizer,semantic,before,before,-19,2027,Ulusumuzun bu yüzyıldaki vebası güçler birliği sorunu ve otoriterleşme olmalı.,True,otoriterleşme,Ulusumuzun,vebası,otoriterleş-me,otoriterleş-NMLZ,57,70,0,31,19,22,0,11,12,4,19,False,otoriterleşme,Ulusumuzun bu yüzyıldaki vebası,▁otor iter leş me,Ul us umuz un ▁bu ▁yü zy ıld aki ▁ve bas ı,26,"[""Ul"", ""us"", ""umuz"", ""un"", ""▁bu"", ""▁yü"", ""zy"", ""ıld"", ""aki"", ""▁ve"", ""bas"", ""ı"", ""▁güç"", ""ler"", ""▁bir"", ""liği"", ""▁sor"", ""unu"", ""▁ve"", ""▁otor"", ""iter"", ""leş"", ""me"", ""▁ol"", ""malı"", "".""]",25,.,post_cue_or_post_ambiguity,True
134,22,"Bir sonraki oturumun başlığı 'Yüz yıl önce, yüz yıl sonra: Geleceği tartışma'",',full_sentence,True,nominalizer,semantic,before,before,-20,2050,"Bir sonraki oturumun başlığı 'Yüz yıl önce, yüz yıl sonra: Geleceği tartışma'",True,tartışma,Bir,başlığı,tartış-ma,tartış-NMLZ,68,76,0,28,20,21,0,7,8,2,20,False,tartışma,Bir sonraki oturumun başlığı,▁tartış ma,Bir ▁sonra ki ▁ot urum un ▁baş lığı,23,"[""Bir"", ""▁sonra"", ""ki"", ""▁ot"", ""urum"", ""un"", ""▁baş"", ""lığı"", ""▁'"", ""Y"", ""üz"", ""▁yıl"", ""▁önce"", "","", ""▁yüz"", ""▁yıl"", ""▁sonra"", "":"", ""▁Gele"", ""ceği"", ""▁tartış"", ""ma"", ""'""]",22,',post_cue_or_post_ambiguity,True
