row_id,sentence,label,type,location,computed_location,location_matches,ambiguous_lemma,cue_start_lemma,cue_end_lemma,lemma_split,morphological_parsing,amb_char_start,amb_char_end,cue_char_start,cue_char_end,amb_tok_start,amb_tok_end,cue_tok_start,cue_tok_end,cue_length_tokens,ambiguity_length_tokens,cue_relative_position,token_distance,overlap,matched_ambiguous,matched_cue,amb_token_text,cue_token_text,n_tokens,tokens_json
0,Gidiyordu ama bizim kiracı da daire dönüşlerinde ev arama niyetiyle hareket ediyordu.,nominalizer,syntactic,after,after,True,arama,niyetiyle,niyetiyle,ara-ma,ara-NMLZ,52,57,58,67,12,13,14,16,3,2,2,2,False,arama,niyetiyle,▁ara ma,▁ni yeti yle,22,"[""G"", ""idi"", ""yordu"", ""▁ama"", ""▁bizim"", ""▁kira"", ""cı"", ""▁da"", ""▁daire"", ""▁dönüş"", ""lerinde"", ""▁ev"", ""▁ara"", ""ma"", ""▁ni"", ""yeti"", ""yle"", ""▁hareket"", ""▁ed"", ""iy"", ""ordu"", "".""]"
1,Gidiyordu ama bizim kiracının da daire dönüşlerinde niyeti ev arama idi.,nominalizer,syntactic,before,before,True,arama,niyeti,niyeti,ara-ma,ara-NMLZ,62,67,52,58,15,16,12,13,2,2,-3,3,False,arama,niyeti,▁ara ma,▁ni yeti,19,"[""G"", ""idi"", ""yordu"", ""▁ama"", ""▁bizim"", ""▁k"", ""irac"", ""ının"", ""▁da"", ""▁daire"", ""▁dönüş"", ""lerinde"", ""▁ni"", ""yeti"", ""▁ev"", ""▁ara"", ""ma"", ""▁idi"", "".""]"
3,Benzer bir ev toplama efsanesine de Eskişehir'de öğrenciyken şahit olmuştum.,nominalizer,syntactic,after,after,True,toplama,efsanesine,efsanesine,topla-ma,topla-NMLZ,14,21,22,32,4,5,6,9,4,2,2,2,False,toplama,efsanesine,▁top lama,▁e fs anes ine,26,"[""Ben"", ""zer"", ""▁bir"", ""▁ev"", ""▁top"", ""lama"", ""▁e"", ""fs"", ""anes"", ""ine"", ""▁de"", ""▁Es"", ""ki"", ""şehir"", ""'"", ""de"", ""▁öğren"", ""ci"", ""y"", ""ken"", ""▁ş"", ""ah"", ""it"", ""▁olmuş"", ""tum"", "".""]"
4,"Benzer bir ev toplama, ben bu efsaneye Eskişehir'de öğrenciyken şahit olmuştum.",negation,syntactic,after,after,True,toplama,ben,efsaneye,topla-ma,topla-NEG.IMP.2SG,14,21,23,38,4,5,7,12,6,2,3,3,False,toplama,ben bu efsaneye,▁top lama,▁ben ▁bu ▁e fs an eye,28,"[""Ben"", ""zer"", ""▁bir"", ""▁ev"", ""▁top"", ""lama"", "","", ""▁ben"", ""▁bu"", ""▁e"", ""fs"", ""an"", ""eye"", ""▁Es"", ""ki"", ""şehir"", ""'"", ""de"", ""▁öğren"", ""ci"", ""y"", ""ken"", ""▁ş"", ""ah"", ""it"", ""▁olmuş"", ""tum"", "".""]"
7,İşte evlilik öncesi nişan bozma gibi ilişkilerle ilgili görgü kurallarının Frenkçe kitaplarda yazanı.,nominalizer,syntactic,after,after,True,bozma,gibi,kurallarının,boz-ma,boz-NMLZ,26,31,32,74,8,9,10,19,10,2,2,2,False,bozma,gibi ilişkilerle ilgili görgü kurallarının,▁bo zma,▁gibi ▁ilişk iler le ▁ilgili ▁gör gü ▁kur allar ının,28,"[""İ"", ""şte"", ""▁ev"", ""lilik"", ""▁ön"", ""cesi"", ""▁ni"", ""şan"", ""▁bo"", ""zma"", ""▁gibi"", ""▁ilişk"", ""iler"", ""le"", ""▁ilgili"", ""▁gör"", ""gü"", ""▁kur"", ""allar"", ""ının"", ""▁Fren"", ""k"", ""çe"", ""▁kitap"", ""larda"", ""▁yaz"", ""anı"", "".""]"
8,İşte evlilik öncesi nişan bozma gibi ilişkilerle ilgili mevzuları açıklığa kavuşturan yazarın Frenkçe kitapları.,nominalizer,semantic,after,after,True,bozma,gibi,mevzuları,boz-ma,boz-NMLZ,26,31,32,65,8,9,10,17,8,2,2,2,False,bozma,gibi ilişkilerle ilgili mevzuları,▁bo zma,▁gibi ▁ilişk iler le ▁ilgili ▁me vz uları,33,"[""İ"", ""şte"", ""▁ev"", ""lilik"", ""▁ön"", ""cesi"", ""▁ni"", ""şan"", ""▁bo"", ""zma"", ""▁gibi"", ""▁ilişk"", ""iler"", ""le"", ""▁ilgili"", ""▁me"", ""vz"", ""uları"", ""▁açık"", ""lı"", ""ğa"", ""▁kav"", ""uş"", ""tur"", ""an"", ""▁yazar"", ""ın"", ""▁Fren"", ""k"", ""çe"", ""▁kitap"", ""ları"", "".""]"
11,"İşte evlilik öncesi biriyle çıkma gibi emirleri yağdıran kadın, Frenkçe kitaplar yazıyor.",negation,semantic,after,after,True,çıkma,gibi,emirleri,çık-ma,çık-NEG.IMP.2SG,28,33,34,47,8,9,10,12,3,2,2,2,False,çıkma,gibi emirleri,▁çık ma,▁gibi ▁emir leri,26,"[""İ"", ""şte"", ""▁ev"", ""lilik"", ""▁ön"", ""cesi"", ""▁biri"", ""yle"", ""▁çık"", ""ma"", ""▁gibi"", ""▁emir"", ""leri"", ""▁yağ"", ""dı"", ""ran"", ""▁kadın"", "","", ""▁Fren"", ""k"", ""çe"", ""▁kitap"", ""lar"", ""▁yaz"", ""ıyor"", "".""]"
13,"Abone, kendisine verilen yeni SIM kartını, taşıma zamanı bildirildiğinde makinesine takarak kullanmaya başlıyor.",nominalizer,syntactic,after,after,True,taşıma,zamanı,bildirildiğinde,taşı-ma,taşı-NMLZ,43,49,50,72,12,13,14,19,6,2,2,2,False,taşıma,zamanı bildirildiğinde,▁taşı ma,▁zaman ı ▁bil di ril diğinde,30,"[""Ab"", ""one"", "","", ""▁kend"", ""isine"", ""▁ver"", ""ilen"", ""▁yeni"", ""▁SIM"", ""▁kart"", ""ını"", "","", ""▁taşı"", ""ma"", ""▁zaman"", ""ı"", ""▁bil"", ""di"", ""ril"", ""diğinde"", ""▁mak"", ""ines"", ""ine"", ""▁tak"", ""arak"", ""▁kullan"", ""maya"", ""▁baş"", ""lıyor"", "".""]"
14,"Abone, kendisine verilen yeni SIM kartını, bu kelimenin sık sık tekrar edildiği mesajlarla taşıma zamanı bildirildiğinde makinesine takarak kullanmaya başlıyor.",nominalizer,semantic,after,after,True,taşıma,zamanı,bildirildiğinde,taşı-ma,taşı-NMLZ,91,97,98,120,22,23,24,29,6,2,2,2,False,taşıma,zamanı bildirildiğinde,▁taşı ma,▁zaman ı ▁bil di ril diğinde,40,"[""Ab"", ""one"", "","", ""▁kend"", ""isine"", ""▁ver"", ""ilen"", ""▁yeni"", ""▁SIM"", ""▁kart"", ""ını"", "","", ""▁bu"", ""▁keli"", ""menin"", ""▁sık"", ""▁sık"", ""▁tekrar"", ""▁edil"", ""diği"", ""▁mesaj"", ""larla"", ""▁taşı"", ""ma"", ""▁zaman"", ""ı"", ""▁bil"", ""di"", ""ril"", ""diğinde"", ""▁mak"", ""ines"", ""ine"", ""▁tak"", ""arak"", ""▁kullan"", ""maya"", ""▁baş"", ""lıyor"", "".""]"
17,"Abone, kendisine verilen yeni SIM kartını, sakın bu kartı taşıma diye uyarılmadığı için makinesine takarak kullanmaya başlıyor.",negation,syntactic,before,before,True,taşıma,bu,için,taşı-ma,taşı-NEG.IMP.2SG,58,64,49,87,17,18,14,24,11,2,-3,3,True,taşıma,bu kartı taşıma diye uyarılmadığı için,▁taşı ma,▁bu ▁kart ı ▁taşı ma ▁diye ▁uyar ıl mad ığı ▁için,35,"[""Ab"", ""one"", "","", ""▁kend"", ""isine"", ""▁ver"", ""ilen"", ""▁yeni"", ""▁SIM"", ""▁kart"", ""ını"", "","", ""▁sak"", ""ın"", ""▁bu"", ""▁kart"", ""ı"", ""▁taşı"", ""ma"", ""▁diye"", ""▁uyar"", ""ıl"", ""mad"", ""ığı"", ""▁için"", ""▁mak"", ""ines"", ""ine"", ""▁tak"", ""arak"", ""▁kullan"", ""maya"", ""▁baş"", ""lıyor"", "".""]"
18,Stüdyoda bomba arama filan gibi uyarılarda bulundu.,negation,semantic,after,after,True,arama,filan,uyarılarda,ara-ma,ara-NEG.IMP.2SG,15,20,21,42,5,6,7,12,6,2,2,2,False,arama,filan gibi uyarılarda,▁ara ma,▁fil an ▁gibi ▁uyar ıl arda,15,"[""St"", ""ü"", ""dy"", ""oda"", ""▁bomba"", ""▁ara"", ""ma"", ""▁fil"", ""an"", ""▁gibi"", ""▁uyar"", ""ıl"", ""arda"", ""▁bulundu"", "".""]"
19,Stüdyoda bomba arama filan gibi konular konuşuldu.,nominalizer,semantic,after,after,True,arama,filan,konular,ara-ma,ara-NMLZ,15,20,21,39,5,6,7,11,5,2,2,2,False,arama,filan gibi konular,▁ara ma,▁fil an ▁gibi ▁kon ular,15,"[""St"", ""ü"", ""dy"", ""oda"", ""▁bomba"", ""▁ara"", ""ma"", ""▁fil"", ""an"", ""▁gibi"", ""▁kon"", ""ular"", ""▁konuş"", ""uldu"", "".""]"
21,"İngilizce ve Fransızca konuşuyor, dünyayı gezmiş, görmüş geçirmiş, insan olma okulunu genç yaşında başarıyla bitirmiş bir güzel adam.",nominalizer,syntactic,after,after,True,olma,okulunu,okulunu,ol-ma,ol-NMLZ,73,77,78,85,21,21,22,23,2,1,1,1,False,olma,okulunu,▁olma,▁okul unu,35,"[""İ"", ""ngilizce"", ""▁ve"", ""▁Frans"", ""ız"", ""ca"", ""▁konuş"", ""uyor"", "","", ""▁düny"", ""ayı"", ""▁gez"", ""miş"", "","", ""▁gö"", ""rm"", ""üş"", ""▁geçir"", ""miş"", "","", ""▁insan"", ""▁olma"", ""▁okul"", ""unu"", ""▁genç"", ""▁yaşında"", ""▁başarı"", ""yla"", ""▁biti"", ""rm"", ""iş"", ""▁bir"", ""▁güzel"", ""▁adam"", "".""]"
22,"İngilizce ve Fransızca konuşuyor, dünyayı gezmiş, görmüş geçirmiş, öküz olma sen diye çabalıyor adamcağız.",negation,syntactic,after,after,True,olma,sen,diye,ol-ma,ol-NEG.IMP.2SG,72,76,77,85,23,23,24,25,2,1,1,1,False,olma,sen diye,▁olma,▁sen ▁diye,34,"[""İ"", ""ngilizce"", ""▁ve"", ""▁Frans"", ""ız"", ""ca"", ""▁konuş"", ""uyor"", "","", ""▁düny"", ""ayı"", ""▁gez"", ""miş"", "","", ""▁gö"", ""rm"", ""üş"", ""▁geçir"", ""miş"", "","", ""▁ö"", ""k"", ""üz"", ""▁olma"", ""▁sen"", ""▁diye"", ""▁ç"", ""abal"", ""ıyor"", ""▁adam"", ""ca"", ""ğ"", ""ız"", "".""]"
23,"Annen emir veriyor pilot olma, okuluna yazıl diye!",negation,semantic,before,before,True,olma,emir,veriyor,ol-ma,ol-NEG.IMP.2SG,25,29,6,18,6,6,2,4,3,1,-4,4,False,olma,emir veriyor,▁olma,▁emir ▁veri yor,14,"[""An"", ""nen"", ""▁emir"", ""▁veri"", ""yor"", ""▁pilot"", ""▁olma"", "","", ""▁okul"", ""una"", ""▁yaz"", ""ıl"", ""▁diye"", ""!""]"
24,Manastır Askeri Lisesinde Mustafa'nın okuma ilgisi arttı.,nominalizer,syntactic,after,after,True,okuma,ilgisi,ilgisi,oku-ma,oku-NMLZ,38,43,44,50,11,12,13,14,2,2,2,2,False,okuma,ilgisi,▁oku ma,▁ilg isi,18,"[""Man"", ""ast"", ""ır"", ""▁As"", ""keri"", ""▁L"", ""ises"", ""inde"", ""▁Mustafa"", ""'"", ""nın"", ""▁oku"", ""ma"", ""▁ilg"", ""isi"", ""▁artt"", ""ı"", "".""]"
25,Manastır Askeri Lisesinde Mustafa'nın okuma diye attığı çığlık herkesi şaşırttı.,negation,syntactic,after,after,True,okuma,diye,çığlık,oku-ma,oku-NEG.IMP.2SG,38,43,44,62,11,12,13,18,6,2,2,2,False,okuma,diye attığı çığlık,▁oku ma,▁diye ▁att ığı ▁ç ığ lık,27,"[""Man"", ""ast"", ""ır"", ""▁As"", ""keri"", ""▁L"", ""ises"", ""inde"", ""▁Mustafa"", ""'"", ""nın"", ""▁oku"", ""ma"", ""▁diye"", ""▁att"", ""ığı"", ""▁ç"", ""ığ"", ""lık"", ""▁herkes"", ""i"", ""▁ş"", ""aş"", ""ır"", ""tt"", ""ı"", "".""]"
26,Ayrıca aralarında Türklerin de bulunduğu bir briç takımları varmış ve briç oynarken yalnızca Türkçe konuşma kuralları varmış.,nominalizer,syntactic,after,after,True,konuşma,kuralları,kuralları,konuş-ma,konuş-NMLZ,100,107,108,117,23,24,25,27,3,2,2,2,False,konuşma,kuralları,▁konuş ma,▁kur all arı,31,"[""Ayrıca"", ""▁ar"", ""alar"", ""ında"", ""▁Türk"", ""lerin"", ""▁de"", ""▁bulundu"", ""ğu"", ""▁bir"", ""▁bri"", ""ç"", ""▁takı"", ""mları"", ""▁var"", ""mış"", ""▁ve"", ""▁bri"", ""ç"", ""▁oyn"", ""arken"", ""▁yalnızca"", ""▁Türkçe"", ""▁konuş"", ""ma"", ""▁kur"", ""all"", ""arı"", ""▁var"", ""mış"", "".""]"
27,Ayrıca aralarında Türklerin de bulunduğu bir briç takımları varmış ve briç oynarken Türkçe konuşma diye çok ciddi kuralları varmış.,negation,syntactic,after,after,True,konuşma,diye,kuralları,konuş-ma,konuş-NEG.IMP.2SG,91,98,99,123,22,23,24,29,6,2,2,2,False,konuşma,diye çok ciddi kuralları,▁konuş ma,▁diye ▁çok ▁ciddi ▁kur all arı,33,"[""Ayrıca"", ""▁ar"", ""alar"", ""ında"", ""▁Türk"", ""lerin"", ""▁de"", ""▁bulundu"", ""ğu"", ""▁bir"", ""▁bri"", ""ç"", ""▁takı"", ""mları"", ""▁var"", ""mış"", ""▁ve"", ""▁bri"", ""ç"", ""▁oyn"", ""arken"", ""▁Türkçe"", ""▁konuş"", ""ma"", ""▁diye"", ""▁çok"", ""▁ciddi"", ""▁kur"", ""all"", ""arı"", ""▁var"", ""mış"", "".""]"
28,Ayrıca aralarında Türklerin de bulunduğu bir briç takımları varmış ve briç oynarken sen Türkçe konuşma diye çok çaba harcamışlar.,negation,syntactic,before,before,True,konuşma,sen,sen,konuş-ma,konuş-NEG.IMP.2SG,95,102,84,87,23,24,21,21,1,2,-2,2,False,konuşma,sen,▁konuş ma,▁sen,34,"[""Ayrıca"", ""▁ar"", ""alar"", ""ında"", ""▁Türk"", ""lerin"", ""▁de"", ""▁bulundu"", ""ğu"", ""▁bir"", ""▁bri"", ""ç"", ""▁takı"", ""mları"", ""▁var"", ""mış"", ""▁ve"", ""▁bri"", ""ç"", ""▁oyn"", ""arken"", ""▁sen"", ""▁Türkçe"", ""▁konuş"", ""ma"", ""▁diye"", ""▁çok"", ""▁ç"", ""aba"", ""▁har"", ""cam"", ""ış"", ""lar"", "".""]"
29,Fakat ona etki eden duygusal tepkime sonucu nefes faktörünün devreye girmesidir.,nominalizer,syntactic,before,before,True,tepkime,ona,duygusal,tepki-me,tepki-NMLZ,29,36,6,28,8,10,2,7,6,3,-6,6,False,tepkime,ona etki eden duygusal,▁tep k ime,▁ona ▁et ki ▁eden ▁duyg usal,25,"[""F"", ""akat"", ""▁ona"", ""▁et"", ""ki"", ""▁eden"", ""▁duyg"", ""usal"", ""▁tep"", ""k"", ""ime"", ""▁son"", ""ucu"", ""▁ne"", ""fes"", ""▁fakt"", ""ör"", ""ünün"", ""▁dev"", ""re"", ""ye"", ""▁gir"", ""mes"", ""idir"", "".""]"
31,"Yani sen de bir patron olarak katma böyle değer, yakışıyor mu sana Allah aşkına!",negation,syntactic,after,after,True,katma,böyle,değer,kat-ma,kat-NEG.IMP.2SG,30,35,36,47,7,8,9,10,2,2,2,2,False,katma,böyle değer,▁kat ma,▁böyle ▁değer,21,"[""Y"", ""ani"", ""▁sen"", ""▁de"", ""▁bir"", ""▁patron"", ""▁olarak"", ""▁kat"", ""ma"", ""▁böyle"", ""▁değer"", "","", ""▁yak"", ""ış"", ""ıyor"", ""▁mu"", ""▁sana"", ""▁Allah"", ""▁aşk"", ""ına"", ""!""]"
35,"Seven merak eder ama sen sakın merak etme, bunaltırsın kızı.",negation,syntactic,before,before,True,etme,ama,merak,et-me,et-NEG.IMP.2SG,37,41,17,36,8,8,3,7,5,1,-5,5,False,etme,ama sen sakın merak,▁etme,▁ama ▁sen ▁sak ın ▁merak,17,"[""Seven"", ""▁merak"", ""▁eder"", ""▁ama"", ""▁sen"", ""▁sak"", ""ın"", ""▁merak"", ""▁etme"", "","", ""▁bun"", ""alt"", ""ırs"", ""ın"", ""▁k"", ""ızı"", "".""]"
36,"Seven merak eder, merak etme aşkın doğasında vardır.",nominalizer,semantic,before,before,True,etme,merak,merak,et-me,et-NMLZ,24,28,18,23,5,5,4,4,1,1,-1,1,False,etme,merak,▁etme,▁merak,12,"[""Seven"", ""▁merak"", ""▁eder"", "","", ""▁merak"", ""▁etme"", ""▁aşk"", ""ın"", ""▁doğ"", ""asında"", ""▁vardır"", "".""]"
37,Dönemin Tercüman gazetesinde sistemli olarak Pol-Der aleyhine bir karalama kampanyası yürütülüyordu.,nominalizer,syntactic,before,before,True,karalama,Pol-Der,bir,karala-ma,karala-NMLZ,66,74,45,65,19,20,12,18,7,2,-7,7,False,karalama,Pol-Der aleyhine bir,▁kar alama,▁Pol - Der ▁a ley hine ▁bir,30,"[""D"", ""öne"", ""min"", ""▁Ter"", ""cü"", ""man"", ""▁gaz"", ""etes"", ""inde"", ""▁sistem"", ""li"", ""▁olarak"", ""▁Pol"", ""-"", ""Der"", ""▁a"", ""ley"", ""hine"", ""▁bir"", ""▁kar"", ""alama"", ""▁kamp"", ""any"", ""ası"", ""▁yür"", ""üt"", ""ül"", ""üy"", ""ordu"", "".""]"
38,"Bürokrasi, iktidarını pekiştirirken önce gerçekçileşerek dünya devriminden vazgeçmiş ve tek ülkede sosyalizmi inşa etme yöntemi olarak ulusal kalkınmayı ve sanayileşmeyi öne çıkarmış, ardından ve buna uygun olarak, milliyetçiliği Marksizmin içsel ve doğal bir unsuru olarak teorize etmiştir.",nominalizer,syntactic,after,after,True,etme,yöntemi,yöntemi,et-me,et-NMLZ,115,119,120,127,35,35,36,37,2,1,1,1,False,etme,yöntemi,▁etme,▁yön temi,82,"[""Bü"", ""ro"", ""kra"", ""si"", "","", ""▁ik"", ""tid"", ""ar"", ""ını"", ""▁pe"", ""ki"", ""şti"", ""rir"", ""ken"", ""▁önce"", ""▁gerçek"", ""ç"", ""ile"", ""ş"", ""erek"", ""▁dünya"", ""▁dev"", ""rim"", ""inden"", ""▁vaz"", ""geç"", ""miş"", ""▁ve"", ""▁tek"", ""▁ül"", ""kede"", ""▁sosyal"", ""iz"", ""mi"", ""▁inşa"", ""▁etme"", ""▁yön"", ""temi"", ""▁olarak"", ""▁ul"", ""usal"", ""▁kalk"", ""ın"", ""mayı"", ""▁ve"", ""▁san"", ""ay"", ""ile"", ""ş"", ""meyi"", ""▁öne"", ""▁çık"", ""arm"", ""ış"", "","", ""▁ardından"", ""▁ve"", ""▁buna"", ""▁uygun"", ""▁olarak"", "","", ""▁milli"", ""yet"", ""ç"", ""ili"", ""ği"", ""▁Mark"", ""siz"", ""min"", ""▁iç"", ""sel"", ""▁ve"", ""▁doğal"", ""▁bir"", ""▁uns"", ""uru"", ""▁olarak"", ""▁teor"", ""ize"", ""▁et"", ""miştir"", "".""]"
39,"Bu mahkemeler bünyesinde sosyal hizmet uzmanları görev almalı, ayrıca psikolog, pedagog ve sosyal çalışma uzmanlarından oluşan bir bilirkişilik kurumu oluşturulmalıdır.",nominalizer,syntactic,after,after,True,çalışma,uzmanlarından,uzmanlarından,çalış-ma,çalış-NMLZ,98,105,106,119,22,22,23,24,2,1,1,1,False,çalışma,uzmanlarından,▁çalışma,▁uzman larından,38,"[""Bu"", ""▁mah"", ""ke"", ""meler"", ""▁bü"", ""ny"", ""esinde"", ""▁sosyal"", ""▁hizmet"", ""▁uzman"", ""ları"", ""▁görev"", ""▁al"", ""malı"", "","", ""▁ayrıca"", ""▁psi"", ""kolog"", "","", ""▁pedagog"", ""▁ve"", ""▁sosyal"", ""▁çalışma"", ""▁uzman"", ""larından"", ""▁oluşan"", ""▁bir"", ""▁b"", ""ilir"", ""ki"", ""ş"", ""ilik"", ""▁kur"", ""umu"", ""▁oluştur"", ""ul"", ""malıdır"", "".""]"
46,"Hava çok soğuk, sen sakın evden çıkma.",negation,semantic,before,before,True,çıkma,sen,evden,çık-ma,çık-NEG.IMP.2SG,32,37,16,31,11,12,6,10,5,2,-5,5,False,çıkma,sen sakın evden,▁çık ma,▁sen ▁sak ın ▁ev den,14,"[""H"", ""ava"", ""▁çok"", ""▁soğ"", ""uk"", "","", ""▁sen"", ""▁sak"", ""ın"", ""▁ev"", ""den"", ""▁çık"", ""ma"", "".""]"
47,"Ekme dedim ama dinlemedi , bütün parasını kaybetmiş .",negation,syntactic,after,after,True,ekme,dedim,dinlemedi,ek-me,ek-NEG.IMP.2SG,0,4,5,24,0,1,2,7,6,2,2,2,False,Ekme,dedim ama dinlemedi,Ek me,▁de dim ▁ama ▁din le medi,15,"[""Ek"", ""me"", ""▁de"", ""dim"", ""▁ama"", ""▁din"", ""le"", ""medi"", ""▁,"", ""▁bütün"", ""▁paras"", ""ını"", ""▁kaybet"", ""miş"", ""▁.""]"
48,Bütün bu projeler süresince israfa kaçma lütfen mümkünse .,negation,syntactic,after,after,True,kaçma,lütfen,mümkünse,kaç-ma,kaç-NEG.IMP.2SG,35,40,41,56,10,11,12,15,4,2,2,2,False,kaçma,lütfen mümkünse,▁kaç ma,▁l ütfen ▁mümkün se,17,"[""B"", ""ütün"", ""▁bu"", ""▁proj"", ""eler"", ""▁sü"", ""res"", ""ince"", ""▁is"", ""rafa"", ""▁kaç"", ""ma"", ""▁l"", ""ütfen"", ""▁mümkün"", ""se"", ""▁.""]"
50,Durup durup kıza elleşme!,negation,syntactic,before,before,True,elleşme,Durup,kıza,elleş-me,elleş-NEG.IMP.2SG,17,24,6,16,6,7,2,5,4,2,-4,4,False,elleşme,durup kıza,▁elle şme,▁dur up ▁kı za,9,"[""Dur"", ""up"", ""▁dur"", ""up"", ""▁kı"", ""za"", ""▁elle"", ""şme"", ""!""]"
51,"Nerede güzel görsen ona çevrilme , bizim ilde cana kıyan beyler var",negation,syntactic,before,before,True,çevrilme,ona,ona,çevril-me / çevir-il-me,çevril-NEG.IMP.2SG / çev-PASS-NEG.IMP.2SG,24,32,20,23,6,8,5,5,1,3,-1,1,False,çevrilme,ona,▁çev ril me,▁ona,19,"[""N"", ""erede"", ""▁güzel"", ""▁gö"", ""rsen"", ""▁ona"", ""▁çev"", ""ril"", ""me"", ""▁,"", ""▁bizim"", ""▁il"", ""de"", ""▁cana"", ""▁kı"", ""yan"", ""▁bey"", ""ler"", ""▁var""]"
53,"Nerede güzel görsen ona çevirme niyetin oluyor , bizim ilde cana kıyan beyler var",negation,syntactic,after,after,True,çevirme,niyetin,oluyor,çevir-me,çevir-NMLZ,24,31,32,46,6,8,9,12,4,3,3,3,False,çevirme,niyetin oluyor,▁çe vir me,▁ni yet in ▁oluyor,23,"[""N"", ""erede"", ""▁güzel"", ""▁gö"", ""rsen"", ""▁ona"", ""▁çe"", ""vir"", ""me"", ""▁ni"", ""yet"", ""in"", ""▁oluyor"", ""▁,"", ""▁bizim"", ""▁il"", ""de"", ""▁cana"", ""▁kı"", ""yan"", ""▁bey"", ""ler"", ""▁var""]"
54,"Geceleyin belanı arama , haydi nerden geldinse bas git oraya .",negation,syntactic,before,before,True,arama,belanı,belanı,ara-ma,ara-NEG.IMP.2SG,17,22,10,16,5,6,3,4,2,2,-2,2,False,arama,belanı,▁ara ma,▁bel anı,19,"[""Ge"", ""ce"", ""leyin"", ""▁bel"", ""anı"", ""▁ara"", ""ma"", ""▁,"", ""▁hay"", ""di"", ""▁ner"", ""den"", ""▁geld"", ""inse"", ""▁bas"", ""▁git"", ""▁or"", ""aya"", ""▁.""]"
55,O korkuyu çoktan tüketmiştim ama babama inme inebilirdi .,nominalizer,syntactic,after,after,True,inme,inebilirdi,inebilirdi,in-me,in-NMLZ,40,44,45,55,12,13,14,16,3,2,2,2,False,inme,inebilirdi,▁in me,▁in ebilir di,18,"[""O"", ""▁kork"", ""uyu"", ""▁çok"", ""tan"", ""▁tü"", ""ket"", ""miş"", ""tim"", ""▁ama"", ""▁bab"", ""ama"", ""▁in"", ""me"", ""▁in"", ""ebilir"", ""di"", ""▁.""]"
56,Her dilbere meyil verme / Ya sevilir ya sevilmez,negation,syntactic,before,before,True,verme,Her,meyil,ver-me,ver-NEG.IMP.2SG,18,23,0,17,5,5,0,4,5,1,-5,5,False,verme,Her dilbere meyil,▁verme,Her ▁dil bere ▁me yil,14,"[""Her"", ""▁dil"", ""bere"", ""▁me"", ""yil"", ""▁verme"", ""▁/"", ""▁Ya"", ""▁sevi"", ""lir"", ""▁ya"", ""▁se"", ""vil"", ""mez""]"
58,Her dilbere meyil verme lüzumu yok / Ya sevilir ya sevilmez,nominalizer,syntactic,after,after,True,verme,lüzumu,yok,ver-me,ver-NMLZ,18,23,24,34,5,5,6,9,4,1,1,1,False,verme,lüzumu yok,▁verme,▁l üz umu ▁yok,18,"[""Her"", ""▁dil"", ""bere"", ""▁me"", ""yil"", ""▁verme"", ""▁l"", ""üz"", ""umu"", ""▁yok"", ""▁/"", ""▁Ya"", ""▁sevi"", ""lir"", ""▁ya"", ""▁se"", ""vil"", ""mez""]"
59,"Bu kolay işi güçleştirme yavrum ; arkadaş ol benimle , sırdaş ol .",negation,syntactic,before,before,True,güçleştirme,Bu,işi,güçleştir-me / güçleş-tir-me,güçleştir-NEG.IMP.2SG / güçleş-CAUS-NEG.IMP.2SG,13,24,0,12,3,5,0,2,3,3,-3,3,False,güçleştirme,Bu kolay işi,▁güç leştir me,Bu ▁kolay ▁işi,21,"[""Bu"", ""▁kolay"", ""▁işi"", ""▁güç"", ""leştir"", ""me"", ""▁y"", ""av"", ""rum"", ""▁;"", ""▁arkadaş"", ""▁ol"", ""▁benim"", ""le"", ""▁,"", ""▁s"", ""ır"", ""da"", ""ş"", ""▁ol"", ""▁.""]"
60,Beni bu kadar yürekten çağırma  / Bir gece ansızın gelebilirim,negation,syntactic,before,before,True,çağırma,Beni,yürekten,çağır-ma,çağır-NEG.IMP.2SG,23,30,0,22,7,9,0,6,7,3,-7,7,False,çağırma,Beni bu kadar yürekten,▁çağ ır ma,Ben i ▁bu ▁kadar ▁yü rek ten,20,"[""Ben"", ""i"", ""▁bu"", ""▁kadar"", ""▁yü"", ""rek"", ""ten"", ""▁çağ"", ""ır"", ""ma"", ""▁▁"", ""/"", ""▁Bir"", ""▁gece"", ""▁ans"", ""ız"", ""ın"", ""▁gele"", ""bili"", ""rim""]"
62,Beni bu kadar yürekten çağırma gereği görmemişsin.,nominalizer,syntactic,after,after,True,çağırma,gereği,gereği,çağır-ma,çağır-NMLZ,23,30,31,37,7,9,10,11,2,3,3,3,False,çağırma,gereği,▁çağ ır ma,▁gere ği,17,"[""Ben"", ""i"", ""▁bu"", ""▁kadar"", ""▁yü"", ""rek"", ""ten"", ""▁çağ"", ""ır"", ""ma"", ""▁gere"", ""ği"", ""▁gör"", ""me"", ""miş"", ""sin"", "".""]"
63,"Ali'ye dedim zaten sen baban gibi olma diye, duyduysa ne ala.",negation,syntactic,before,before,True,olma,sen,gibi,ol-ma,ol-NEG.IMP.2SG,34,38,19,33,10,10,6,9,4,1,-4,4,False,olma,sen baban gibi,▁olma,▁sen ▁bab an ▁gibi,19,"[""Ali"", ""'"", ""ye"", ""▁de"", ""dim"", ""▁zaten"", ""▁sen"", ""▁bab"", ""an"", ""▁gibi"", ""▁olma"", ""▁diye"", "","", ""▁duy"", ""du"", ""ysa"", ""▁ne"", ""▁ala"", "".""]"
64,Artık sana da 'Karını aldatma!' dememiz gerekiyorsa biz ölelim.,negation,syntactic,before,before,True,aldatma,Karını,Karını,aldat-ma,aldat-NEG.IMP.2SG,22,29,15,21,7,9,5,6,2,3,-2,2,False,aldatma,Karını,▁ald at ma,Kar ını,22,"[""Art"", ""ık"", ""▁sana"", ""▁da"", ""▁'"", ""Kar"", ""ını"", ""▁ald"", ""at"", ""ma"", ""!'"", ""▁de"", ""mem"", ""iz"", ""▁gere"", ""kiy"", ""orsa"", ""▁biz"", ""▁ö"", ""le"", ""lim"", "".""]"
66,"Bakan'ın yaptığı açıklamada en öne çıkan nokta, eğitimcilere verilen emirdi: Kopyaya müsamaha gösterme.",negation,syntactic,before,before,True,gösterme,eğitimcilere,müsamaha,göster-me,göster-NEG.IMP.2SG,94,102,48,93,26,27,13,25,13,2,-13,13,False,gösterme,eğitimcilere verilen emirdi: Kopyaya müsamaha,▁göster me,▁eğitim cil ere ▁ver ilen ▁emir di : ▁K opy aya ▁müs amaha,29,"[""B"", ""akan"", ""'"", ""ın"", ""▁yaptığı"", ""▁açıklama"", ""da"", ""▁en"", ""▁öne"", ""▁çıkan"", ""▁nok"", ""ta"", "","", ""▁eğitim"", ""cil"", ""ere"", ""▁ver"", ""ilen"", ""▁emir"", ""di"", "":"", ""▁K"", ""opy"", ""aya"", ""▁müs"", ""amaha"", ""▁göster"", ""me"", "".""]"
67,AB'den Google'a çok sert çıkış: Arama verilerini sunucularında saklama.,negation,syntactic,before,before,True,saklama,çok,sunucularında,sakla-ma,sakla-NEG.IMP.2SG,63,70,16,62,19,20,6,18,13,2,-13,13,False,saklama,çok sert çıkış: Arama verilerini sunucularında,▁sak lama,▁çok ▁sert ▁çık ış : ▁Ara ma ▁ver ilerini ▁sun uc ular ında,22,"[""AB"", ""'"", ""den"", ""▁Google"", ""'"", ""a"", ""▁çok"", ""▁sert"", ""▁çık"", ""ış"", "":"", ""▁Ara"", ""ma"", ""▁ver"", ""ilerini"", ""▁sun"", ""uc"", ""ular"", ""ında"", ""▁sak"", ""lama"", "".""]"
68,"Yaptığın yanlışı benim karşıma geçip de savunma artık, kendini küçük düşürüyorsun.",negation,syntactic,before,before,True,savunma,Yaptığın,de,savun-ma,savun-NEG.IMP.2SG,40,47,0,39,12,14,0,11,12,3,-12,12,False,savunma,Yaptığın yanlışı benim karşıma geçip de,▁sav un ma,Y apt ığın ▁yan lı şı ▁benim ▁karşı ma ▁geç ip ▁de,25,"[""Y"", ""apt"", ""ığın"", ""▁yan"", ""lı"", ""şı"", ""▁benim"", ""▁karşı"", ""ma"", ""▁geç"", ""ip"", ""▁de"", ""▁sav"", ""un"", ""ma"", ""▁artık"", "","", ""▁kendini"", ""▁küçük"", ""▁düş"", ""ür"", ""üy"", ""ors"", ""un"", "".""]"
69,Migrenini tetiklemek istemiyorsan tavandaki beyaz ışığı yakma.,negation,syntactic,before,before,True,yakma,tavandaki,ışığı,yak-ma,yak-NEG.IMP.2SG,56,61,34,55,17,18,11,16,6,2,-6,6,False,yakma,tavandaki beyaz ışığı,▁yak ma,▁tav and aki ▁beyaz ▁ış ığı,20,"[""Mig"", ""ren"", ""ini"", ""▁te"", ""tik"", ""lemek"", ""▁is"", ""tem"", ""iy"", ""ors"", ""an"", ""▁tav"", ""and"", ""aki"", ""▁beyaz"", ""▁ış"", ""ığı"", ""▁yak"", ""ma"", "".""]"
70,Ali'nin niyeti zaten okula gitme olsaydı hali tavrı baştan bambaşka olurdu.,nominalizer,syntactic,before,before,True,gitme,Ali'nin,zaten,git-me,git-NMLZ,27,32,0,20,8,9,0,5,6,2,-8,8,False,gitme,Ali'nin niyeti zaten,▁git me,Ali ' nin ▁ni yeti ▁zaten,24,"[""Ali"", ""'"", ""nin"", ""▁ni"", ""yeti"", ""▁zaten"", ""▁oku"", ""la"", ""▁git"", ""me"", ""▁ols"", ""ay"", ""dı"", ""▁hali"", ""▁tav"", ""rı"", ""▁baş"", ""tan"", ""▁bamb"", ""aş"", ""ka"", ""▁olur"", ""du"", "".""]"
71,Akif'in niyetinin karısını aldatma olduğunu hiçbirimiz bilmiyorduk.,nominalizer,syntactic,before,before,True,aldatma,Akif'in,karısını,aldat-ma,aldat-NMLZ,27,34,0,26,9,11,0,8,9,3,-9,9,False,aldatma,Akif'in niyetinin karısını,▁ald at ma,Ak if ' in ▁ni yet inin ▁kar ısını,22,"[""Ak"", ""if"", ""'"", ""in"", ""▁ni"", ""yet"", ""inin"", ""▁kar"", ""ısını"", ""▁ald"", ""at"", ""ma"", ""▁olduğunu"", ""▁hiç"", ""bi"", ""rim"", ""iz"", ""▁bil"", ""miy"", ""ord"", ""uk"", "".""]"
72,Bizim şirketin çalışanlarının hiç de öyle ofiste bulunma gibi arzuları yok.,nominalizer,syntactic,before,before,True,bulunma,Bizim,ofiste,bulun-ma,bulun-NMLZ,49,56,0,48,11,12,0,10,11,2,-11,11,False,bulunma,Bizim şirketin çalışanlarının hiç de öyle ofiste,▁bulun ma,Biz im ▁şirket in ▁çalışan larının ▁hiç ▁de ▁öyle ▁of iste,19,"[""Biz"", ""im"", ""▁şirket"", ""in"", ""▁çalışan"", ""larının"", ""▁hiç"", ""▁de"", ""▁öyle"", ""▁of"", ""iste"", ""▁bulun"", ""ma"", ""▁gibi"", ""▁ar"", ""z"", ""uları"", ""▁yok"", "".""]"
74,Çoğu zaman ergenin içgüdüsü başına gelen stresli olayları ebeveyninden saklama yönünde.,nominalizer,syntactic,before,before,True,saklama,ergenin,ebeveyninden,sakla-ma,sakla-NMLZ,71,78,11,70,21,22,4,20,17,2,-17,17,False,saklama,ergenin içgüdüsü başına gelen stresli olayları ebeveyninden,▁sak lama,▁er gen in ▁iç gü d üsü ▁başına ▁gelen ▁stres li ▁olay ları ▁e beve yn inden,26,"[""Ç"", ""o"", ""ğu"", ""▁zaman"", ""▁er"", ""gen"", ""in"", ""▁iç"", ""gü"", ""d"", ""üsü"", ""▁başına"", ""▁gelen"", ""▁stres"", ""li"", ""▁olay"", ""ları"", ""▁e"", ""beve"", ""yn"", ""inden"", ""▁sak"", ""lama"", ""▁yön"", ""ünde"", "".""]"
75,Mahkemenin bir tarafı savunma avukatı için ayrılmıştır.,nominalizer,syntactic,before,before,True,savunma,Mahkemenin,tarafı,savun-ma,savun-NMLZ,22,29,0,21,6,8,0,5,6,3,-6,6,False,savunma,Mahkemenin bir tarafı,▁sav un ma,Mah kem enin ▁bir ▁taraf ı,16,"[""Mah"", ""kem"", ""enin"", ""▁bir"", ""▁taraf"", ""ı"", ""▁sav"", ""un"", ""ma"", ""▁av"", ""ukat"", ""ı"", ""▁için"", ""▁ayr"", ""ılmıştır"", "".""]"
76,Ayşe'nin endişeli gözleri savunma avukatını aradı.,nominalizer,syntactic,before,before,True,savunma,Ayşe'nin,gözleri,savun-ma,savun-NMLZ,26,33,0,25,9,11,0,8,9,3,-9,9,False,savunma,Ayşe'nin endişeli gözleri,▁sav un ma,Ay şe ' nin ▁endi ş eli ▁göz leri,19,"[""Ay"", ""şe"", ""'"", ""nin"", ""▁endi"", ""ş"", ""eli"", ""▁göz"", ""leri"", ""▁sav"", ""un"", ""ma"", ""▁av"", ""ukat"", ""ını"", ""▁a"", ""rad"", ""ı"", "".""]"
77,Hevesli annenin çocuklar için yaptığı oyun alanının temel işlevi çocukları güvende tutma idi.,nominalizer,syntactic,before,before,True,tutma,oyun,güvende,tut-ma,tut-NMLZ,83,88,38,82,18,19,8,17,10,2,-10,10,False,tutma,oyun alanının temel işlevi çocukları güvende,▁tut ma,▁oyun ▁alan ının ▁temel ▁iş levi ▁çocuk ları ▁gü vende,22,"[""He"", ""ves"", ""li"", ""▁annen"", ""in"", ""▁çocuklar"", ""▁için"", ""▁yaptığı"", ""▁oyun"", ""▁alan"", ""ının"", ""▁temel"", ""▁iş"", ""levi"", ""▁çocuk"", ""ları"", ""▁gü"", ""vende"", ""▁tut"", ""ma"", ""▁idi"", "".""]"
78,"Bilseydim senin isteğinin bu kitabı bu kadar hızlı yazma yönünde olduğunu, her şey farklı olurdu.",nominalizer,syntactic,before,before,True,yazma,senin,hızlı,yaz-ma,yaz-NMLZ,51,56,10,50,12,13,3,11,9,2,-9,9,False,yazma,senin isteğinin bu kitabı bu kadar hızlı,▁yaz ma,▁senin ▁iste ğ inin ▁bu ▁kitabı ▁bu ▁kadar ▁hızlı,24,"[""Bil"", ""sey"", ""dim"", ""▁senin"", ""▁iste"", ""ğ"", ""inin"", ""▁bu"", ""▁kitabı"", ""▁bu"", ""▁kadar"", ""▁hızlı"", ""▁yaz"", ""ma"", ""▁yön"", ""ünde"", ""▁olduğunu"", "","", ""▁her"", ""▁şey"", ""▁farklı"", ""▁olur"", ""du"", "".""]"
79,"Senin gözlerin deli deli bakıyor, belli ki yapacağın şeyin amacı kalp kırma olacak.",nominalizer,syntactic,before,before,True,kırma,yapacağın,kalp,kır-ma,kır-NMLZ,70,75,43,69,19,20,11,18,8,2,-8,8,False,kırma,yapacağın şeyin amacı kalp,▁kır ma,▁yap acağ ın ▁şey in ▁amac ı ▁kalp,23,"[""Sen"", ""in"", ""▁göz"", ""lerin"", ""▁deli"", ""▁deli"", ""▁bak"", ""ıyor"", "","", ""▁belli"", ""▁ki"", ""▁yap"", ""acağ"", ""ın"", ""▁şey"", ""in"", ""▁amac"", ""ı"", ""▁kalp"", ""▁kır"", ""ma"", ""▁olacak"", "".""]"
80,"İstemeyesin benden gözleme falan, işim başımdan aşkın.",nominalizer,syntactic,before,before,True,gözleme,İstemeyesin,benden,gözle-me,gözle-NMLZ,19,26,0,18,7,8,0,6,7,2,-7,7,False,gözleme,İstemeyesin benden,▁göz leme,İ ste me yes in ▁b enden,20,"[""İ"", ""ste"", ""me"", ""yes"", ""in"", ""▁b"", ""enden"", ""▁göz"", ""leme"", ""▁f"", ""alan"", "","", ""▁iş"", ""im"", ""▁baş"", ""ı"", ""mdan"", ""▁aşk"", ""ın"", "".""]"
81,Etütte öğrencilerin en sıkıldığı aktivite soru çözme oldu.,nominalizer,syntactic,before,before,True,çözme,öğrencilerin,soru,çöz-me,çöz-NMLZ,47,52,7,46,11,12,2,10,9,2,-9,9,False,çözme,öğrencilerin en sıkıldığı aktivite soru,▁çöz me,▁öğren cil erin ▁en ▁sık ıldığı ▁aktiv ite ▁soru,15,"[""Et"", ""ütte"", ""▁öğren"", ""cil"", ""erin"", ""▁en"", ""▁sık"", ""ıldığı"", ""▁aktiv"", ""ite"", ""▁soru"", ""▁çöz"", ""me"", ""▁oldu"", "".""]"
82,Mezranın merkeze en uzak yerinde yaşayan öğrencilerin bile motivasyonu zengin olma etrafında şekilleniyor.,nominalizer,syntactic,before,before,True,olma,öğrencilerin,zengin,ol-ma,ol-NMLZ,78,82,41,77,20,20,11,19,9,1,-9,9,False,olma,öğrencilerin bile motivasyonu zengin,▁olma,▁öğren cil erin ▁bile ▁mo tivas yon u ▁zengin,29,"[""Mez"", ""ran"", ""ın"", ""▁merke"", ""ze"", ""▁en"", ""▁uzak"", ""▁yer"", ""inde"", ""▁yaş"", ""ayan"", ""▁öğren"", ""cil"", ""erin"", ""▁bile"", ""▁mo"", ""tivas"", ""yon"", ""u"", ""▁zengin"", ""▁olma"", ""▁et"", ""raf"", ""ında"", ""▁şek"", ""ill"", ""eni"", ""yor"", "".""]"
83,Leonardo'nun çocukluğundan beri en göze çarpan yeteneği heykel yapma idi.,nominalizer,syntactic,before,before,True,yapma,en,heykel,yap-ma,yap-NMLZ,63,68,32,62,18,19,8,17,10,2,-10,10,False,yapma,en göze çarpan yeteneği heykel,▁yap ma,▁en ▁gö ze ▁çar pan ▁yet ene ği ▁hey kel,22,"[""Leonardo"", ""'"", ""nun"", ""▁çocuk"", ""lu"", ""ğ"", ""undan"", ""▁beri"", ""▁en"", ""▁gö"", ""ze"", ""▁çar"", ""pan"", ""▁yet"", ""ene"", ""ği"", ""▁hey"", ""kel"", ""▁yap"", ""ma"", ""▁idi"", "".""]"
85,Kalp kırma diye sitem etti arkadaşına Leyla.,negation,semantic,after,after,True,kırma,diye,etti,kır-ma,kır-NEG.IMP.2SG,5,10,11,26,2,3,4,7,4,2,2,2,False,kırma,diye sitem etti,▁kır ma,▁diye ▁s item ▁etti,13,"[""Kal"", ""p"", ""▁kır"", ""ma"", ""▁diye"", ""▁s"", ""item"", ""▁etti"", ""▁arkadaş"", ""ına"", ""▁Ley"", ""la"", "".""]"
92,Rüyama giren ak sakallı dede bana bir sürü şey söyledi ama zengin olma diye uyarması en çok aklımda kalan şey oldu.,negation,semantic,after,after,True,olma,diye,uyarması,ol-ma,ol-NEG.IMP.2SG,66,70,71,84,17,17,18,20,3,1,1,1,False,olma,diye uyarması,▁olma,▁diye ▁uyar ması,31,"[""Rü"", ""yama"", ""▁g"", ""iren"", ""▁ak"", ""▁sak"", ""all"", ""ı"", ""▁de"", ""de"", ""▁bana"", ""▁bir"", ""▁sürü"", ""▁şey"", ""▁söyledi"", ""▁ama"", ""▁zengin"", ""▁olma"", ""▁diye"", ""▁uyar"", ""ması"", ""▁en"", ""▁çok"", ""▁ak"", ""lı"", ""m"", ""da"", ""▁kalan"", ""▁şey"", ""▁oldu"", "".""]"
99,Araştırma ARGE'nin anlamında geçiyor diye biliyorum.,nominalizer,semantic,after,after,True,araştırma,ARGE'nin,geçiyor,araştır-ma,araştır-NMLZ,0,9,10,36,0,2,3,10,8,3,3,3,False,Araştırma,ARGE'nin anlamında geçiyor,Ara ştır ma,▁AR GE ' nin ▁anlam ında ▁geçi yor,15,"[""Ara"", ""ştır"", ""ma"", ""▁AR"", ""GE"", ""'"", ""nin"", ""▁anlam"", ""ında"", ""▁geçi"", ""yor"", ""▁diye"", ""▁bili"", ""yorum"", "".""]"
104,"Bilmiyorum ki, karar verme onun için bir öncelik mi acaba?",nominalizer,semantic,after,after,True,verme,onun,öncelik,ver-me,ver-NMLZ,21,26,27,48,5,5,6,10,5,1,1,1,False,verme,onun için bir öncelik,▁verme,▁onun ▁için ▁bir ▁önce lik,14,"[""Bil"", ""miyorum"", ""▁ki"", "","", ""▁karar"", ""▁verme"", ""▁onun"", ""▁için"", ""▁bir"", ""▁önce"", ""lik"", ""▁mi"", ""▁acaba"", ""?""]"
111,"Her şeyi düzenleme, simetri hastalığı, aşırı temizlik; bunlar da birer takıntı aslında.",nominalizer,semantic,after,after,True,düzenleme,bunlar,takıntı,düzenle-me,düzenle-NMLZ,9,18,55,78,2,3,15,21,7,2,13,13,False,düzenleme,bunlar da birer takıntı,▁düzen leme,▁bun lar ▁da ▁bir er ▁tak ıntı,24,"[""Her"", ""▁şeyi"", ""▁düzen"", ""leme"", "","", ""▁sime"", ""tri"", ""▁hastal"", ""ığı"", "","", ""▁aş"", ""ırı"", ""▁temiz"", ""lik"", "";"", ""▁bun"", ""lar"", ""▁da"", ""▁bir"", ""er"", ""▁tak"", ""ıntı"", ""▁aslında"", "".""]"
113,"Eğer esnafın öfkesini üzerine çekmek istemiyorsan sana nasihatim belli canım evladım, fiyat kırma.",negation,semantic,before,before,True,kırma,sana,fiyat,kır-ma,kır-NEG.IMP.2SG,92,97,50,91,28,29,16,27,12,2,-12,12,False,kırma,"sana nasihatim belli canım evladım, fiyat",▁kır ma,"▁sana ▁nasi hat im ▁belli ▁can ım ▁ev lad ım , ▁fiyat",31,"[""E"", ""ğer"", ""▁es"", ""naf"", ""ın"", ""▁öf"", ""kes"", ""ini"", ""▁üzerine"", ""▁çek"", ""mek"", ""▁is"", ""tem"", ""iy"", ""ors"", ""an"", ""▁sana"", ""▁nasi"", ""hat"", ""im"", ""▁belli"", ""▁can"", ""ım"", ""▁ev"", ""lad"", ""ım"", "","", ""▁fiyat"", ""▁kır"", ""ma"", "".""]"
114,"Bana bak müdür müsveddesi, Lenin hakkında ileri geri konuşma!",negation,semantic,before,before,True,konuşma,Lenin,geri,konuş-ma,konuş-NEG.IMP.2SG,53,60,27,52,14,15,9,13,5,2,-5,5,False,konuşma,Lenin hakkında ileri geri,▁konuş ma,▁Lenin ▁hakkında ▁i leri ▁geri,17,"[""B"", ""ana"", ""▁bak"", ""▁mü"", ""dür"", ""▁müs"", ""ved"", ""desi"", "","", ""▁Lenin"", ""▁hakkında"", ""▁i"", ""leri"", ""▁geri"", ""▁konuş"", ""ma"", ""!""]"
115,"İran savaşı sadece İran’a karşı değil bütün insanlığa karşı açılmış bir savaşın ilk cephesi, Türkiye'yi bu savaşa taraf ya da dahil etme.",negation,semantic,before,before,True,etme,Türkiye'yi,dahil,et-me,et-NEG.IMP.2SG,132,136,93,131,36,36,26,35,10,1,-10,10,False,etme,Türkiye'yi bu savaşa taraf ya da dahil,▁etme,▁Türkiye ' yi ▁bu ▁sava şa ▁taraf ▁ya ▁da ▁dahil,38,"[""İ"", ""ran"", ""▁sava"", ""şı"", ""▁sadece"", ""▁İ"", ""ran"", ""’"", ""a"", ""▁karşı"", ""▁değil"", ""▁bütün"", ""▁insan"", ""lı"", ""ğa"", ""▁karşı"", ""▁aç"", ""ılmış"", ""▁bir"", ""▁savaş"", ""ın"", ""▁ilk"", ""▁cep"", ""he"", ""si"", "","", ""▁Türkiye"", ""'"", ""yi"", ""▁bu"", ""▁sava"", ""şa"", ""▁taraf"", ""▁ya"", ""▁da"", ""▁dahil"", ""▁etme"", "".""]"
117,"Millet eline bayrak verdiyse o bayrağı bırakmayacaksın, döneklik yapma milletin sana en çok ihtiyacı olan şu günlerde.",negation,semantic,before,before,True,yapma,o,döneklik,yap-ma,yap-NEG.IMP.2SG,65,70,29,64,22,23,9,21,13,2,-13,13,False,yapma,"o bayrağı bırakmayacaksın, döneklik",▁yap ma,"▁o ▁bay ra ğı ▁bırak may ac aks ın , ▁dö nek lik",36,"[""M"", ""illet"", ""▁el"", ""ine"", ""▁bay"", ""rak"", ""▁ver"", ""diy"", ""se"", ""▁o"", ""▁bay"", ""ra"", ""ğı"", ""▁bırak"", ""may"", ""ac"", ""aks"", ""ın"", "","", ""▁dö"", ""nek"", ""lik"", ""▁yap"", ""ma"", ""▁mil"", ""letin"", ""▁sana"", ""▁en"", ""▁çok"", ""▁ihtiyac"", ""ı"", ""▁olan"", ""▁şu"", ""▁gün"", ""lerde"", "".""]"
118,"Ruhi Su’nun en bilinen eserlerinden biri olan bu parça, Gülcan Altan’ın yeni yorumuyla bugün dinleyiciyle buluştu, dinleme fırsatını kaçırma!",negation,semantic,before,before,True,kaçırma,dinleme,fırsatını,kaçır-ma,kaçır-NEG.IMP.2SG,133,140,115,132,37,39,32,36,5,3,-5,5,False,kaçırma,dinleme fırsatını,▁kaç ır ma,▁din leme ▁fırs at ını,41,"[""Ru"", ""hi"", ""▁Su"", ""’"", ""nun"", ""▁en"", ""▁bil"", ""inen"", ""▁eser"", ""lerinden"", ""▁biri"", ""▁olan"", ""▁bu"", ""▁parça"", "","", ""▁Gül"", ""can"", ""▁Al"", ""tan"", ""’"", ""ın"", ""▁yeni"", ""▁yorum"", ""uyla"", ""▁bugün"", ""▁din"", ""leyici"", ""yle"", ""▁bul"", ""uş"", ""tu"", "","", ""▁din"", ""leme"", ""▁fırs"", ""at"", ""ını"", ""▁kaç"", ""ır"", ""ma"", ""!""]"
119,"Halka yalan söylemek suçtur, suç işleme, sen ahlaksız bir adam değilsin.",negation,semantic,before,before,True,işleme,Halka,suç,işle-me,işle-NEG.IMP.2SG,33,39,0,32,10,11,0,9,10,2,-10,10,False,işleme,"Halka yalan söylemek suçtur, suç",▁iş leme,"Hal ka ▁y alan ▁söyle mek ▁suç tur , ▁suç",24,"[""Hal"", ""ka"", ""▁y"", ""alan"", ""▁söyle"", ""mek"", ""▁suç"", ""tur"", "","", ""▁suç"", ""▁iş"", ""leme"", "","", ""▁sen"", ""▁ah"", ""la"", ""ks"", ""ız"", ""▁bir"", ""▁adam"", ""▁değ"", ""ils"", ""in"", "".""]"
121,"Yok solucan olsam beni sever misin, yok 250 kilo olsam beni beğenir misin, adamı delirtme Emine!",negation,semantic,before,before,True,delirtme,Yok,adamı,delirt-me,delirt-NEG.IMP.2SG,81,89,36,80,27,29,10,26,17,3,-17,17,False,delirtme,"yok 250 kilo olsam beni beğenir misin, adamı",▁deli rt me,"▁yok ▁ 2 5 0 ▁kilo ▁ols am ▁beni ▁beğ en ir ▁mis in , ▁adam ı",33,"[""Yok"", ""▁solu"", ""can"", ""▁ols"", ""am"", ""▁beni"", ""▁sever"", ""▁mis"", ""in"", "","", ""▁yok"", ""▁"", ""2"", ""5"", ""0"", ""▁kilo"", ""▁ols"", ""am"", ""▁beni"", ""▁beğ"", ""en"", ""ir"", ""▁mis"", ""in"", "","", ""▁adam"", ""ı"", ""▁deli"", ""rt"", ""me"", ""▁E"", ""mine"", ""!""]"
122,"Akademisyen dediğin yazdığı kadar da okur, okuma akademisyenin en önemli işlerinden biridir.",nominalizer,semantic,before,before,True,okuma,yazdığı,okur,oku-ma,oku-NMLZ,43,48,20,41,15,16,7,13,7,2,-8,8,False,okuma,yazdığı kadar da okur,▁oku ma,▁yaz d ığı ▁kadar ▁da ▁ok ur,28,"[""A"", ""kade"", ""mis"", ""yen"", ""▁de"", ""diğ"", ""in"", ""▁yaz"", ""d"", ""ığı"", ""▁kadar"", ""▁da"", ""▁ok"", ""ur"", "","", ""▁oku"", ""ma"", ""▁akade"", ""mis"", ""yen"", ""in"", ""▁en"", ""▁önemli"", ""▁iş"", ""lerinden"", ""▁biri"", ""dir"", "".""]"
123,"ARGE'nin anlamında ben araştırma var diye biliyorum, yanlış mıyım?",nominalizer,semantic,before,before,True,araştırma,ARGE'nin,anlamında,araştır-ma,araştır-NMLZ,23,32,0,18,7,8,0,5,6,2,-7,7,False,araştırma,ARGE'nin anlamında,▁araştır ma,AR GE ' nin ▁anlam ında,19,"[""AR"", ""GE"", ""'"", ""nin"", ""▁anlam"", ""ında"", ""▁ben"", ""▁araştır"", ""ma"", ""▁var"", ""▁diye"", ""▁bili"", ""yorum"", "","", ""▁yanlış"", ""▁m"", ""ıy"", ""ım"", ""?""]"
124,Ertesi günün gazete manşetleri gözünün önüne gelmeye başlamıştı bile: Karabatak davasında dudakları uçuklatan gelişme,nominalizer,semantic,before,before,True,gelişme,Karabatak,uçuklatan,geliş-me,geliş-NMLZ,110,117,70,109,32,33,21,31,11,2,-11,11,False,gelişme,Karabatak davasında dudakları uçuklatan,▁geliş me,▁Karab atak ▁d avas ında ▁dud ak ları ▁uç uk latan,34,"[""Er"", ""tesi"", ""▁gün"", ""ün"", ""▁gaze"", ""te"", ""▁man"", ""ş"", ""et"", ""leri"", ""▁göz"", ""ünün"", ""▁ön"", ""üne"", ""▁gel"", ""meye"", ""▁baş"", ""lam"", ""ıştı"", ""▁bile"", "":"", ""▁Karab"", ""atak"", ""▁d"", ""avas"", ""ında"", ""▁dud"", ""ak"", ""ları"", ""▁uç"", ""uk"", ""latan"", ""▁geliş"", ""me""]"
125,Hürmüz'de satranç: Abluka mı anlaşma mı?,nominalizer,semantic,before,before,True,anlaşma,Abluka,mı,anlaş-ma,anlaş-NMLZ,29,36,19,28,12,13,9,11,3,2,-3,3,False,anlaşma,Abluka mı,▁anlaş ma,▁Ab luka ▁mı,16,"[""Hü"", ""rm"", ""üz"", ""'"", ""de"", ""▁sat"", ""ran"", ""ç"", "":"", ""▁Ab"", ""luka"", ""▁mı"", ""▁anlaş"", ""ma"", ""▁mı"", ""?""]"
126,"Toplumda gördüğün tüm bu hastalıkların sebebi belli, genç adam: yozlaşma.",nominalizer,semantic,before,before,True,yozlaşma,bu,belli,yozlaş-ma,yozlaş-NMLZ,64,72,22,51,18,21,7,13,7,4,-11,11,False,yozlaşma,bu hastalıkların sebebi belli,▁yo z laş ma,▁bu ▁hastal ık ların ▁sebe bi ▁belli,23,"[""Top"", ""lum"", ""da"", ""▁görd"", ""üğ"", ""ün"", ""▁tüm"", ""▁bu"", ""▁hastal"", ""ık"", ""ların"", ""▁sebe"", ""bi"", ""▁belli"", "","", ""▁genç"", ""▁adam"", "":"", ""▁yo"", ""z"", ""laş"", ""ma"", "".""]"
128,Ev arkadaşımın katılmayı düşündüğü yarış yüksek atlama ama kontenjan durumuna göre maratona da yazılabilir.,nominalizer,semantic,before,before,True,atlama,Ev,yarış,atla-ma,atla-NMLZ,48,54,0,40,12,13,0,10,11,2,-12,12,False,atlama,Ev arkadaşımın katılmayı düşündüğü yarış,▁at lama,Ev ▁arkadaş ım ın ▁kat ıl mayı ▁düş ünd üğü ▁yarış,26,"[""Ev"", ""▁arkadaş"", ""ım"", ""ın"", ""▁kat"", ""ıl"", ""mayı"", ""▁düş"", ""ünd"", ""üğü"", ""▁yarış"", ""▁yüksek"", ""▁at"", ""lama"", ""▁ama"", ""▁konten"", ""jan"", ""▁durum"", ""una"", ""▁göre"", ""▁marat"", ""ona"", ""▁da"", ""▁yazı"", ""labilir"", "".""]"
129,"Sınav sırasında dikkat etmen gereken en önemli yasak telefon kullanma, bak atılırsın oturumun ortasında, ona göre!",nominalizer,semantic,before,before,True,kullanma,en,yasak,kullan-ma,kullan-NMLZ,61,69,37,52,13,14,8,11,4,2,-5,5,False,kullanma,en önemli yasak,▁kullan ma,▁en ▁önemli ▁yas ak,30,"[""S"", ""ı"", ""nav"", ""▁sırasında"", ""▁dikkat"", ""▁et"", ""men"", ""▁gereken"", ""▁en"", ""▁önemli"", ""▁yas"", ""ak"", ""▁telefon"", ""▁kullan"", ""ma"", "","", ""▁bak"", ""▁at"", ""ılı"", ""rs"", ""ın"", ""▁ot"", ""urum"", ""un"", ""▁ort"", ""asında"", "","", ""▁ona"", ""▁göre"", ""!""]"
130,California'ya o dönemde yapılan göçün ardındaki furya altın arama da olsa nüfustaki hareketliliğin kültürel sebeplerini de göz önünde bulundurmak zorundayız.,nominalizer,semantic,before,before,True,arama,göçün,furya,ara-ma,ara-NMLZ,60,65,32,53,15,16,7,13,7,2,-8,8,False,arama,göçün ardındaki furya,▁ara ma,▁gö ç ün ▁ard ındaki ▁fur ya,44,"[""California"", ""'"", ""ya"", ""▁o"", ""▁dönem"", ""de"", ""▁yapılan"", ""▁gö"", ""ç"", ""ün"", ""▁ard"", ""ındaki"", ""▁fur"", ""ya"", ""▁altın"", ""▁ara"", ""ma"", ""▁da"", ""▁olsa"", ""▁n"", ""üf"", ""ust"", ""aki"", ""▁hareket"", ""li"", ""liğ"", ""in"", ""▁kült"", ""ü"", ""rel"", ""▁sebe"", ""pler"", ""ini"", ""▁de"", ""▁göz"", ""▁ön"", ""ünde"", ""▁bul"", ""undur"", ""mak"", ""▁zor"", ""unday"", ""ız"", "".""]"
131,"Okulun gündemi bu aralar ulusal sınavlar, grip aşısı olma ve yeni spor salonu inşaatı.",nominalizer,semantic,before,before,True,olma,Okulun,aşısı,ol-ma,ol-NMLZ,53,57,0,52,17,17,0,16,17,1,-17,17,False,olma,"Okulun gündemi bu aralar ulusal sınavlar, grip aşısı",▁olma,"Ok ulun ▁g ünd emi ▁bu ▁ar alar ▁ul usal ▁sı nav lar , ▁grip ▁aş ısı",25,"[""Ok"", ""ulun"", ""▁g"", ""ünd"", ""emi"", ""▁bu"", ""▁ar"", ""alar"", ""▁ul"", ""usal"", ""▁sı"", ""nav"", ""lar"", "","", ""▁grip"", ""▁aş"", ""ısı"", ""▁olma"", ""▁ve"", ""▁yeni"", ""▁spor"", ""▁salonu"", ""▁inşa"", ""atı"", "".""]"
132,"Nevzat Evrim Önal, Türkiye Siyasi Tarihinde Sahte Umut Üretme yazısıyla dergimizin Nisan sayısında.",nominalizer,semantic,before,before,True,üretme,Türkiye,Umut,üret-me,üret-NMLZ,55,61,19,54,17,19,7,16,10,3,-10,10,False,Üretme,Türkiye Siyasi Tarihinde Sahte Umut,▁Ü ret me,▁Türkiye ▁Si yasi ▁Tari h inde ▁Sah te ▁U mut,30,"[""Nev"", ""zat"", ""▁Ev"", ""rim"", ""▁Ö"", ""nal"", "","", ""▁Türkiye"", ""▁Si"", ""yasi"", ""▁Tari"", ""h"", ""inde"", ""▁Sah"", ""te"", ""▁U"", ""mut"", ""▁Ü"", ""ret"", ""me"", ""▁yaz"", ""ısı"", ""yla"", ""▁der"", ""gim"", ""izin"", ""▁Nisan"", ""▁say"", ""ısında"", "".""]"
133,Ulusumuzun bu yüzyıldaki vebası güçler birliği sorunu ve otoriterleşme olmalı.,nominalizer,semantic,before,before,True,otoriterleşme,Ulusumuzun,vebası,otoriterleş-me,otoriterleş-NMLZ,57,70,0,31,19,22,0,11,12,4,-19,19,False,otoriterleşme,Ulusumuzun bu yüzyıldaki vebası,▁otor iter leş me,Ul us umuz un ▁bu ▁yü zy ıld aki ▁ve bas ı,26,"[""Ul"", ""us"", ""umuz"", ""un"", ""▁bu"", ""▁yü"", ""zy"", ""ıld"", ""aki"", ""▁ve"", ""bas"", ""ı"", ""▁güç"", ""ler"", ""▁bir"", ""liği"", ""▁sor"", ""unu"", ""▁ve"", ""▁otor"", ""iter"", ""leş"", ""me"", ""▁ol"", ""malı"", "".""]"
134,"Bir sonraki oturumun başlığı 'Yüz yıl önce, yüz yıl sonra: Geleceği tartışma'",nominalizer,semantic,before,before,True,tartışma,Bir,başlığı,tartış-ma,tartış-NMLZ,68,76,0,28,20,21,0,7,8,2,-20,20,False,tartışma,Bir sonraki oturumun başlığı,▁tartış ma,Bir ▁sonra ki ▁ot urum un ▁baş lığı,23,"[""Bir"", ""▁sonra"", ""ki"", ""▁ot"", ""urum"", ""un"", ""▁baş"", ""lığı"", ""▁'"", ""Y"", ""üz"", ""▁yıl"", ""▁önce"", "","", ""▁yüz"", ""▁yıl"", ""▁sonra"", "":"", ""▁Gele"", ""ceği"", ""▁tartış"", ""ma"", ""'""]"
135,"165. sayının giriş yazısı, Aydemir Güler imzasıyla Ulusal Sorunda Güncelleme, ulusal sorunun abc’sine, TKP’nin Gelenek hareketinden beri benimsediği ve bugün doğrulanan pozisyonunun temel unsurlarına ayrıldı.",nominalizer,semantic,before,before,True,güncelleme,165,Sorunda,güncelle-me,güncelle-NMLZ,66,76,0,65,21,23,0,20,21,3,-21,21,False,Güncelleme,"165. sayının giriş yazısı, Aydemir Güler imzasıyla Ulusal Sorunda",▁Gün cel leme,"1 6 5 . ▁say ının ▁giriş ▁yaz ısı , ▁Ay demir ▁G üler ▁im zas ıyla ▁Ul usal ▁Sor unda",60,"[""1"", ""6"", ""5"", ""."", ""▁say"", ""ının"", ""▁giriş"", ""▁yaz"", ""ısı"", "","", ""▁Ay"", ""demir"", ""▁G"", ""üler"", ""▁im"", ""zas"", ""ıyla"", ""▁Ul"", ""usal"", ""▁Sor"", ""unda"", ""▁Gün"", ""cel"", ""leme"", "","", ""▁ul"", ""usal"", ""▁sor"", ""unun"", ""▁abc"", ""’"", ""sine"", "","", ""▁T"", ""KP"", ""’"", ""nin"", ""▁Gelen"", ""ek"", ""▁hareket"", ""inden"", ""▁beri"", ""▁benim"", ""se"", ""diği"", ""▁ve"", ""▁bugün"", ""▁doğ"", ""rul"", ""anan"", ""▁poz"", ""isyon"", ""unun"", ""▁temel"", ""▁uns"", ""urlar"", ""ına"", ""▁ayr"", ""ıldı"", "".""]"
